<?xml version="1.0"?>
<materials>
  <date>Thu Jun 27 11:55:09 2019</date>
  <material method="prediction" name="MaW_BM">
    <elastic>
      <i name="youngs_modulus" unit="GPa">157.846</i>
      <i name="poisson_ratio">0.274</i>
    </elastic>
    <creep method="prediction" model="norton">
      <i name="a">1.205e-10</i>
      <i name="n">2.715</i>
    </creep>
    <creep_damage method="prediction" model="time_fraction" type="linear_approximation">
      <i name="a2">0.0</i>
      <i name="a1">-2.226</i>
      <i name="a0">17.860</i>
    </creep_damage>
  </material>

  <material method="prediction" name="MaW_HAZ">
    <elastic>
      <i name="youngs_modulus" unit="GPa">106.89</i>
      <i name="poisson_ratio">0.274</i>
    </elastic>
    <creep method="prediction" model="norton">
      <i name="a">5.326e-13</i>
      <i name="n">4.618</i>
    </creep>
    <creep_damage method="prediction" model="time_fraction" type="linear_approximation">
      <i name="a2">0.0</i>
      <i name="a1">-5.494</i>
      <i name="a0">30.214</i>
    </creep_damage>
  </material>
</materials>