<?xml version='1.0' encoding='utf-8' standalone='no'?>
<Project>
  <WeldType>BJ</WeldType>
  <WeldShape>V</WeldShape>
  <WeldMethod>NS</WeldMethod>
  <WeldTypeKey>Butt Joint</WeldTypeKey>
  <WeldShapeKey>V-type</WeldShapeKey>
  <WeldMethodKey>No Structure</WeldMethodKey>
  <Description>exec by optimizer</Description>
  <UpdatedBy>optim_api</UpdatedBy>
  <UpdatedOn>2022/01/31</UpdatedOn>
  <Status>Mesh Ok</Status>
  <codeAsterStatus>Analysis Completed....</codeAsterStatus>
  <sysWeldStatus>New</sysWeldStatus>
  <abaqusStatus>New</abaqusStatus>
  <AnalysisModel>2D Plate Model</AnalysisModel>
  <PipeLength>NaN</PipeLength>
  <PipeOD>NaN</PipeOD>
  <PipeCapThickness/>
  <FEMCCVStatus>1016</FEMCCVStatus>
  <ParametricStatus>NA</ParametricStatus>
  <HeaderFileName/>
  <DownloadUCDOutput>N</DownloadUCDOutput>
  <AC1>775</AC1>
  <AC3>875</AC3>
  <MaxMeshSize> </MaxMeshSize>
  <BaseMatMeshSize>2</BaseMatMeshSize>
  <WeldMatMeshSize>0.5</WeldMatMeshSize>
  <HazMatMeshSize>0.06</HazMatMeshSize>
  <MeshGradeFactor>0.1</MeshGradeFactor>
  <SymetricMesh>2</SymetricMesh>
  <Material>DP_W_600</Material>
  <Thickness>2</Thickness>
  <Pressure>100</Pressure>
  <Number3D>10</Number3D>
  <ContourMinVal>200</ContourMinVal>
  <ContourMaxVal>6000</ContourMaxVal>
</Project>
