<?xml version='1.0' encoding='utf-8' standalone='no'?>
<Layers HeatSourceModel="0" LayerNo="3" Length="6.0" Penetration="2.0" Velocity="1.6" Width="3.0">
  <Layer Height="2.008157" No="1" Order="1" PassesNo="1" ReverseDirection="unchecked">
    <Passes>
      <Pass CoolingTemp="200.0" CoolingTime="40" HalfWidthOfWeldBead="4.0864325" HeatValue="1016.0878" HeatingTime="0.6" LengthOfWeldBead="6.0" Name="A" PenetrationOfWeldBead="2.0" Position="1.0040785" Velocity="1.6"/>
    </Passes>
  </Layer>
  <Layer Height="3.0804697999999995" No="2" Order="2" PassesNo="1" ReverseDirection="unchecked">
    <Passes>
      <Pass CoolingTemp="200.0" CoolingTime="40" HalfWidthOfWeldBead="4.434207499999999" HeatValue="1717.351" HeatingTime="0.6" LengthOfWeldBead="6.0" Name="A" PenetrationOfWeldBead="2.0" Position="1.5402348999999997" Velocity="1.6"/>
    </Passes>
  </Layer>
  <Layer Height="2.9113732" No="3" Order="3" PassesNo="1" ReverseDirection="unchecked">
    <Passes>
      <Pass CoolingTemp="200.0" CoolingTime="40" HalfWidthOfWeldBead="4.4752775" HeatValue="1210.5634" HeatingTime="0.6" LengthOfWeldBead="6.0" Name="A" PenetrationOfWeldBead="2.0" Position="1.4556866" Velocity="1.6"/>
    </Passes>
  </Layer>
</Layers>
